<?xml version="1.0" encoding="UTF-8"?>

<beans xmlns="http://www.springframework.org/schema/beans" xmlns:xsi="http://www.w3.org/2001/XMLSchema-instance" xmlns:context="http://www.springframework.org/schema/context" xmlns:tx="http://www.springframework.org/schema/tx" xsi:schemaLocation="http://www.springframework.org/schema/beans http://www.springframework.org/schema/beans/spring-beans-3.2.xsd   http://www.springframework.org/schema/context http://www.springframework.org/schema/context/spring-context-3.2.xsd   http://www.springframework.org/schema/tx http://www.springframework.org/schema/tx/spring-tx-3.2.xsd">

	<!-- Stocks supported by Super Simple Stock application	 -->  
	<bean id="TEA" class="com.jpm.sss.stockservice.model.Stock">
		<property name="stockSymbol" value="TEA"></property>
		<property name="stockType" value="COMMON"></property>
		<property name="lastDividend" value="0"></property>
		<property name="fixedDividend" value="0"></property>
		<property name="parValue" value="100"></property>
	</bean>
	<bean id="POP" class="com.jpm.sss.stockservice.model.Stock">
		<property name="stockSymbol" value="POP"></property>
		<property name="stockType" value="COMMON"></property>
		<property name="lastDividend" value="8"></property>
		<property name="fixedDividend" value="0"></property>
		<property name="parValue" value="100"></property>
	</bean>
	<bean id="ALE" class="com.jpm.sss.stockservice.model.Stock">
		<property name="stockSymbol" value="ALE"></property>
		<property name="stockType" value="COMMON"></property>
		<property name="lastDividend" value="23"></property>
		<property name="fixedDividend" value="0"></property>
		<property name="parValue" value="60"></property>
	</bean>
	<bean id="GIN" class="com.jpm.sss.stockservice.model.Stock">
		<property name="stockSymbol" value="GIN"></property>
		<property name="stockType" value="PREFERRED"></property>
		<property name="lastDividend" value="8"></property>
		<property name="fixedDividend" value="0.02"></property>
		<property name="parValue" value="100"></property>
	</bean>
	<bean id="JOE" class="com.jpm.sss.stockservice.model.Stock">
		<property name="stockSymbol" value="JOE"></property>
		<property name="stockType" value="COMMON"></property>
		<property name="lastDividend" value="13"></property>
		<property name="fixedDividend" value="0"></property>
		<property name="parValue" value="250"></property>
	</bean>
		
	<bean id="stocksPersistence" class="com.jpm.sss.stockservice.persistence.impl.StocksPersistenceImpl">
		<property name="stocks">
			<map>
				<entry key="TEA" value-ref="TEA"></entry>
				<entry key="POP" value-ref="POP"></entry>
				<entry key="ALE" value-ref="ALE"></entry>
				<entry key="GIN" value-ref="GIN"></entry>
				<entry key="JOE" value-ref="JOE"></entry>
			</map>
		</property>
	</bean>
	
	<bean id="simpleStocksService" class="com.jpm.sss.stockservice.services.impl.SimpleStockServiceImpl">
		<property name="stocksPersistence" ref="stocksPersistence">
		</property>
	</bean>
</beans>