<?xml version="1.0" encoding="UTF-8"?>

<beans xmlns="http://www.springframework.org/schema/beans" xmlns:xsi="http://www.w3.org/2001/XMLSchema-instance" xmlns:context="http://www.springframework.org/schema/context" xmlns:tx="http://www.springframework.org/schema/tx" xsi:schemaLocation="http://www.springframework.org/schema/beans http://www.springframework.org/schema/beans/spring-beans-3.2.xsd   http://www.springframework.org/schema/context http://www.springframework.org/schema/context/spring-context-3.2.xsd   http://www.springframework.org/schema/tx http://www.springframework.org/schema/tx/spring-tx-3.2.xsd">
	
	<import resource="spring-stocks-context.xml"></import>
	
	<bean id="datesUtils" class="com.jpm.sss.stockservice.utils.DatesUtils"></bean>
	
	<bean id="tradeList" class="java.util.ArrayList" scope="prototype">
		<constructor-arg>
			<list>
				<!-- Trades before last 15 minutes -->
				<bean class="com.jpm.sss.stockservice.model.Trade">
					<property name="timeStamp">
						<bean factory-bean="datesUtils" factory-method="getDateWithAddedMinutes">
							<constructor-arg value="-20"></constructor-arg>
						</bean>
					</property>
					<property name="stock" ref="TEA"></property>
					<property name="tradeIndicator" value="SELL"></property>
					<property name="sharesQuantity" value="20"></property>
					<property name="price" value="15.22"></property>
				</bean>
				
				<bean class="com.jpm.sss.stockservice.model.Trade">
					<property name="timeStamp">
						<bean factory-bean="datesUtils" factory-method="getDateWithAddedMinutes">
							<constructor-arg value="-26"></constructor-arg>
						</bean>
					</property>
					<property name="stock" ref="TEA"></property>
					<property name="tradeIndicator" value="BUY"></property>
					<property name="sharesQuantity" value="40"></property>
					<property name="price" value="10.20"></property>
				</bean>
				
				<bean class="com.jpm.sss.stockservice.model.Trade">
					<property name="timeStamp">
						<bean factory-bean="datesUtils" factory-method="getDateWithAddedMinutes">
							<constructor-arg value="-21"></constructor-arg>
						</bean>
					</property>
					<property name="stock" ref="POP"></property>
					<property name="tradeIndicator" value="BUY"></property>
					<property name="sharesQuantity" value="80"></property>
					<property name="price" value="10.16"></property>
				</bean>

				<bean class="com.jpm.sss.stockservice.model.Trade">
					<property name="timeStamp">
						<bean factory-bean="datesUtils" factory-method="getDateWithAddedMinutes">
							<constructor-arg value="-22"></constructor-arg>
						</bean>
					</property>
					<property name="stock" ref="ALE"></property>
					<property name="tradeIndicator" value="SELL"></property>
					<property name="sharesQuantity" value="300"></property>
					<property name="price" value="21.07"></property>
				</bean>

				<bean class="com.jpm.sss.stockservice.model.Trade">
					<property name="timeStamp">
						<bean factory-bean="datesUtils" factory-method="getDateWithAddedMinutes">
							<constructor-arg value="-22"></constructor-arg>
						</bean>
					</property>
					<property name="stock" ref="GIN"></property>
					<property name="tradeIndicator" value="BUY"></property>
					<property name="sharesQuantity" value="77"></property>
					<property name="price" value="8.97"></property>
				</bean>
				
				<bean class="com.jpm.sss.stockservice.model.Trade">
					<property name="timeStamp">
						<bean factory-bean="datesUtils" factory-method="getDateWithAddedMinutes">
							<constructor-arg value="-18"></constructor-arg>
						</bean>
					</property>
					<property name="stock" ref="JOE"></property>
					<property name="tradeIndicator" value="BUY"></property>
					<property name="sharesQuantity" value="120"></property>
					<property name="price" value="18.97"></property>
				</bean>
				
				<bean class="com.jpm.sss.stockservice.model.Trade">
					<property name="timeStamp">
						<bean factory-bean="datesUtils" factory-method="getDateWithAddedMinutes">
							<constructor-arg value="-16"></constructor-arg>
						</bean>
					</property>
					<property name="stock" ref="JOE"></property>
					<property name="tradeIndicator" value="BUY"></property>
					<property name="sharesQuantity" value="326"></property>
					<property name="price" value="20.97"></property>
				</bean>
				
				<!-- Trades of the last 15 minutes -->
				
				<bean class="com.jpm.sss.stockservice.model.Trade">
					<property name="timeStamp">
						<bean factory-bean="datesUtils" factory-method="getDateWithAddedMinutes">
							<constructor-arg value="-14"></constructor-arg>
						</bean>
					</property>
					<property name="stock" ref="TEA"></property>
					<property name="tradeIndicator" value="SELL"></property>
					<property name="sharesQuantity" value="20"></property>
					<property name="price" value="12.00"></property>
				</bean>
				
				<bean class="com.jpm.sss.stockservice.model.Trade">
					<property name="timeStamp">
						<bean factory-bean="datesUtils" factory-method="getDateWithAddedMinutes">
							<constructor-arg value="-14"></constructor-arg>
						</bean>
					</property>
					<property name="stock" ref="POP"></property>
					<property name="tradeIndicator" value="BUY"></property>
					<property name="sharesQuantity" value="80"></property>
					<property name="price" value="17.56"></property>
				</bean>
				
				<bean class="com.jpm.sss.stockservice.model.Trade">
					<property name="timeStamp">
						<bean factory-bean="datesUtils" factory-method="getDateWithAddedMinutes">
							<constructor-arg value="-12"></constructor-arg>
						</bean>
					</property>
					<property name="stock" ref="TEA"></property>
					<property name="tradeIndicator" value="BUY"></property>
					<property name="sharesQuantity" value="450"></property>
					<property name="price" value="10.20"></property>
				</bean>
				
				<bean class="com.jpm.sss.stockservice.model.Trade">
					<property name="timeStamp">
						<bean factory-bean="datesUtils" factory-method="getDateWithAddedMinutes">
							<constructor-arg value="-12"></constructor-arg>
						</bean>
					</property>
					<property name="stock" ref="POP"></property>
					<property name="tradeIndicator" value="SELL"></property>
					<property name="sharesQuantity" value="50"></property>
					<property name="price" value="6.20"></property>
				</bean>

				<bean class="com.jpm.sss.stockservice.model.Trade">
					<property name="timeStamp">
						<bean factory-bean="datesUtils" factory-method="getDateWithAddedMinutes">
							<constructor-arg value="-10"></constructor-arg>
						</bean>
					</property>
					<property name="stock" ref="GIN"></property>
					<property name="tradeIndicator" value="BUY"></property>
					<property name="sharesQuantity" value="77"></property>
					<property name="price" value="8.97"></property>
				</bean>
				
				<bean class="com.jpm.sss.stockservice.model.Trade">
					<property name="timeStamp">
						<bean factory-bean="datesUtils" factory-method="getDateWithAddedMinutes">
							<constructor-arg value="-8"></constructor-arg>
						</bean>
					</property>
					<property name="stock" ref="JOE"></property>
					<property name="tradeIndicator" value="BUY"></property>
					<property name="sharesQuantity" value="120"></property>
					<property name="price" value="18.97"></property>
				</bean>

				<bean class="com.jpm.sss.stockservice.model.Trade">
					<property name="timeStamp">
						<bean factory-bean="datesUtils" factory-method="getDateWithAddedMinutes">
							<constructor-arg value="-8"></constructor-arg>
						</bean>
					</property>
					<property name="stock" ref="ALE"></property>
					<property name="tradeIndicator" value="BUY"></property>
					<property name="sharesQuantity" value="83"></property>
					<property name="price" value="21.00"></property>
				</bean>

				<bean class="com.jpm.sss.stockservice.model.Trade">
					<property name="timeStamp">
						<bean factory-bean="datesUtils" factory-method="getDateWithAddedMinutes">
							<constructor-arg value="-6"></constructor-arg>
						</bean>
					</property>
					<property name="stock" ref="GIN"></property>
					<property name="tradeIndicator" value="SELL"></property>
					<property name="sharesQuantity" value="70"></property>
					<property name="price" value="12.97"></property>
				</bean>			
			</list>
		</constructor-arg>
	</bean>
</beans>